{"$schema":"http://schema.management.azure.com/schemas/2015-01-01/deploymentTemplate.json#","contentVersion":"1.0.0.0","parameters":{"ADOMirror":{"type":"string"}},"variables":{},"resources":[{"name":"DropAllProjectTables","type":"pipelines","apiVersion":"2018-06-01","properties":{"activities":[{"name":"QueryProjects","type":"Lookup","dependsOn":[],"policy":{"timeout":"0.12:00:00","retry":0,"retryIntervalInSeconds":30,"secureOutput":false,"secureInput":false},"typeProperties":{"source":{"type":"DataWarehouseSource","queryTimeout":"02:00:00","partitionOption":"None"},"firstRowOnly":false,"datasetSettings":{"annotations":[],"linkedService":{"name":"ADOMirror","properties":{"annotations":[],"type":"DataWarehouse","typeProperties":{"endpoint":"vtdel4sf7xjulpdn2h3xornpba-s6jkknxj6moepnlevqk37akzha.datawarehouse.fabric.microsoft.com","artifactId":"[parameters('ADOMirror')]","workspaceId":"36a59297-f3e9-471c-b564-ac15bf815938"}}},"type":"DataWarehouseTable","schema":[],"typeProperties":{"schema":"dbo","table":"ProjectTracking"}}}},{"name":"DropProjectTables","description":"Enumerate the ProjectTracking table and drop all these tables from the warehouse to reset the evironment for import","type":"ForEach","dependsOn":[{"activity":"QueryProjects","dependencyConditions":["Completed"]}],"typeProperties":{"items":{"value":"@activity('QueryProjects').output.value","type":"Expression"},"isSequential":true,"activities":[{"name":"TruncateProjectTable","type":"Script","dependsOn":[],"policy":{"timeout":"0.12:00:00","retry":0,"retryIntervalInSeconds":30,"secureOutput":false,"secureInput":false},"linkedService":{"name":"ADOMirror","properties":{"annotations":[],"type":"DataWarehouse","typeProperties":{"endpoint":"vtdel4sf7xjulpdn2h3xornpba-s6jkknxj6moepnlevqk37akzha.datawarehouse.fabric.microsoft.com","artifactId":"[parameters('ADOMirror')]","workspaceId":"36a59297-f3e9-471c-b564-ac15bf815938"}}},"typeProperties":{"scripts":[{"type":"Query","text":{"value":"@{concat('DROP TABLE [', item().ProjectName, ']')}","type":"Expression"}}],"scriptBlockExecutionTimeout":"02:00:00"}}]}}],"variables":{"ProjectName":{"type":"String"}},"lastModifiedByObjectId":"f1eee9d8-3e6e-4d66-80ea-7a07853469d0","lastPublishTime":"2025-07-14T20:48:48Z"},"dependsOn":[]}]}